,City,Country,Date,Humidity,Lat,Lng,Max Temp,Wind Speed,Cloudiness
0,Sawankhalok,TH,2019-11-13,90,17.31,99.83,24.03,1.66,22
1,Bambous Virieux,MU,2019-11-13,83,-20.34,57.76,25.56,3.6,75
2,Hobart,AU,2019-11-13,70,-42.88,147.33,10.56,0.89,31
3,Busselton,AU,2019-11-13,34,-33.64,115.35,19.44,4.15,0
4,Victoria,BN,2019-11-13,74,5.28,115.24,28.0,2.1,75
5,Butaritari,KI,2019-11-13,73,3.07,172.79,28.86,5.02,100
6,Praia,BR,2019-11-13,54,-20.25,-43.81,29.0,6.7,75
7,Yumen,CN,2019-11-13,22,40.29,97.04,0.5,7.01,0
8,Ribeira Grande,PT,2019-11-13,60,38.52,-28.7,20.0,7.2,20
9,Whitehorse,CA,2019-11-13,85,60.72,-135.06,-9.0,2.1,90
10,East London,ZA,2019-11-13,82,-33.02,27.91,20.0,5.1,75
11,Semirom,IR,2019-11-13,12,31.41,51.57,2.86,1.56,0
12,Mataura,NZ,2019-11-13,95,-46.19,168.86,6.67,0.89,83
13,Pisco,PE,2019-11-13,30,-13.71,-76.2,22.0,3.1,90
14,Yatou,CM,2019-11-13,59,3.63,9.81,32.0,2.1,40
15,Mar del Plata,AR,2019-11-13,30,-46.43,-67.52,21.91,9.91,67
16,Guerrero Negro,MX,2019-11-13,75,27.97,-114.04,19.53,1.34,0
17,Thompson,CA,2019-11-13,78,55.74,-97.86,-12.0,2.6,90
18,Anadyr,RU,2019-11-13,91,64.73,177.51,0.0,7.0,90
19,Hithadhoo,MV,2019-11-13,79,-0.6,73.08,28.09,6.97,53
20,Tiksi,RU,2019-11-13,97,71.64,128.87,-20.13,1.57,100
21,Lebu,ET,2019-11-13,63,8.96,38.73,16.28,4.13,50
22,Bethel,US,2019-11-13,79,60.79,-161.76,-6.0,9.8,1
23,Albany,US,2019-11-13,48,42.65,-73.75,-6.11,6.2,20
24,Kodiak,US,2019-11-13,62,39.95,-94.76,-2.22,7.7,1
25,Biak,ID,2019-11-13,75,-0.91,122.88,28.3,3.36,8
26,Qaanaaq,GL,2019-11-13,68,77.48,-69.36,-6.19,5.2,100
27,Punta Arenas,CL,2019-11-13,76,-53.16,-70.91,12.0,4.1,75
28,Itoman,JP,2019-11-13,69,26.12,127.67,23.0,3.6,75
29,Manzil Salim,TN,2019-11-13,40,35.86,8.48,12.0,4.6,20
30,Fairbanks,US,2019-11-13,60,64.84,-147.72,-12.0,2.6,1
31,Vaini,IN,2019-11-13,77,15.34,74.49,21.02,2.83,8
32,Posse,BR,2019-11-13,22,-14.08,-46.36,35.7,3.31,0
33,Cururupu,BR,2019-11-13,49,-1.82,-44.87,32.58,3.19,88
34,Fortuna,US,2019-11-13,93,40.6,-124.16,8.0,3.1,1
35,Flinders,AU,2019-11-13,29,-34.58,150.85,17.78,6.7,0
36,Ponta do Sol,BR,2019-11-13,85,-20.63,-46.0,21.31,2.64,100
37,Lakhisarai,IN,2019-11-13,55,25.18,86.09,21.24,1.32,0
38,Vao,EE,2019-11-13,94,59.1,26.19,7.49,3.51,100
39,Barrow,AR,2019-11-13,78,-38.31,-60.23,18.15,5.01,100
40,Bucerias,MX,2019-11-13,88,20.76,-105.33,23.33,2.1,90
41,Port Elizabeth,US,2019-11-13,46,39.31,-74.98,0.0,5.1,1
42,Chokurdakh,RU,2019-11-13,96,70.62,147.9,-15.84,0.97,86
43,Faanui,PF,2019-11-13,77,-16.48,-151.75,26.1,8.68,5
44,Sitka,US,2019-11-13,69,37.17,-99.65,-1.11,6.34,15
45,Say,NE,2019-11-13,8,13.1,2.36,35.0,3.6,94
46,New Norfolk,AU,2019-11-13,48,-42.78,147.06,10.56,3.13,50
47,Barrhead,CA,2019-11-13,85,54.12,-114.4,0.0,1.0,90
48,Cape Town,ZA,2019-11-13,47,-33.93,18.42,25.0,11.3,20
49,Yellowknife,CA,2019-11-13,77,62.45,-114.38,-15.0,6.2,90
50,Leningradskiy,RU,2019-11-13,79,69.38,178.42,-4.24,9.84,100
51,Luderitz,NA,2019-11-13,54,-26.65,15.16,26.0,10.3,5
52,Torbay,CA,2019-11-13,100,47.66,-52.73,17.0,11.3,90
53,Hilo,US,2019-11-13,73,19.71,-155.08,22.0,2.1,1
54,Saskylakh,RU,2019-11-13,97,71.97,114.09,-25.9,4.19,100
55,Rikitea,PF,2019-11-13,79,-23.12,-134.97,21.94,10.76,100
56,Mazagao,BR,2019-11-13,59,-0.12,-51.29,32.0,5.1,40
57,Chuy,UY,2019-11-13,84,-33.69,-53.46,23.72,1.64,74
58,Ushuaia,AR,2019-11-13,62,-54.81,-68.31,12.0,3.1,20
59,Pochutla,MX,2019-11-13,83,15.74,-96.47,26.67,2.8,75
60,Tuktoyaktuk,CA,2019-11-13,70,69.44,-133.03,-21.0,6.7,90
61,Khash,IR,2019-11-13,15,28.22,61.21,11.97,4.0,0
62,Severo-Kurilsk,RU,2019-11-13,80,50.68,156.12,-1.42,9.18,73
63,Amga,RU,2019-11-13,97,60.89,131.98,-25.32,1.37,100
64,Leh,IN,2019-11-13,48,34.16,77.58,-6.0,2.78,100
65,Jamestown,AU,2019-11-13,84,-33.21,138.6,7.59,2.26,0
66,Camabatela,AO,2019-11-13,88,-8.19,15.37,22.45,1.22,99
67,Ostrovnoy,RU,2019-11-13,88,68.05,39.51,-7.13,8.61,100
68,Bud,NO,2019-11-13,93,62.91,6.91,2.0,2.1,75
69,San Quintin,PH,2019-11-13,76,17.54,120.52,21.1,3.67,100
70,Te Anau,NZ,2019-11-13,83,-45.41,167.72,5.05,1.64,9
71,Lagoa,PT,2019-11-13,60,37.14,-8.45,21.67,5.7,20
72,Balikpapan,ID,2019-11-13,90,-1.24,116.86,24.7,0.58,96
73,Puerto Quijarro,BO,2019-11-13,66,-19.0,-57.72,30.0,3.1,75
74,Laguna,BZ,2019-11-13,78,16.17,-88.94,26.0,2.68,47
75,Hualmay,PE,2019-11-13,67,-11.1,-77.61,21.54,3.12,47
76,Iqaluit,CA,2019-11-13,78,63.75,-68.52,-9.0,5.7,75
77,Nhulunbuy,AU,2019-11-13,83,-12.18,136.78,25.0,1.5,98
78,Awbari,LY,2019-11-13,24,26.59,12.77,17.43,3.56,0
79,Formosa,BR,2019-11-13,35,-15.55,-47.33,30.03,4.99,62
80,Pevek,RU,2019-11-13,81,69.7,170.27,-7.13,2.6,67
81,Kapenguria,KE,2019-11-13,70,1.25,35.09,19.13,2.26,84
82,Henties Bay,NA,2019-11-13,83,-22.12,14.28,17.22,1.34,0
83,Ambilobe,MG,2019-11-13,76,-13.19,49.05,27.6,1.96,100
84,Dikson,RU,2019-11-13,95,73.51,80.55,-11.38,3.68,84
85,Ushibuka,JP,2019-11-13,65,32.19,130.02,20.56,6.13,100
86,Half Moon Bay,US,2019-11-13,87,37.46,-122.43,15.0,0.64,1
87,Santa Marta,CO,2019-11-13,74,11.24,-74.21,29.0,2.1,40
88,Baykit,RU,2019-11-13,97,61.68,96.39,-16.7,1.14,100
89,Kapaa,US,2019-11-13,100,22.08,-159.32,22.0,4.1,1
90,Maraa,BR,2019-11-13,55,-1.83,-65.37,33.62,0.58,78
91,Cidreira,BR,2019-11-13,80,-30.17,-50.22,22.11,13.11,100
92,Bonfim,GY,2019-11-13,48,3.36,-59.84,32.93,3.75,100
93,Oistins,BB,2019-11-13,70,13.07,-59.53,30.0,6.2,75
94,Abha,SA,2019-11-13,59,18.22,42.5,20.0,6.2,40
95,Coquimbo,CL,2019-11-13,77,-29.95,-71.34,16.0,6.2,75
96,Malaia,RO,2019-11-13,55,45.35,24.04,18.0,9.8,40
97,San Cristobal,HN,2019-11-13,87,14.68,-86.92,20.28,1.48,91
98,Baiquan,CN,2019-11-13,49,47.61,126.08,-10.88,2.11,71
99,Tubuala,PA,2019-11-13,88,9.52,-79.03,27.22,2.6,75
100,Sechura,PE,2019-11-13,90,-5.56,-80.82,18.68,3.13,100
101,Sweetwater,US,2019-11-13,47,32.47,-100.41,2.22,8.2,1
102,Bluff,AU,2019-11-13,53,-23.58,149.07,23.37,2.0,43
103,Tasiilaq,GL,2019-11-13,74,65.61,-37.64,1.0,3.1,75
104,Johi,PK,2019-11-13,34,26.69,67.61,25.53,2.38,15
105,Doha,QA,2019-11-13,47,25.29,51.53,27.0,3.1,20
106,Sovetskiy,RU,2019-11-13,89,56.76,48.47,-0.52,2.51,76
107,Hermanus,ZA,2019-11-13,64,-34.42,19.24,25.0,5.36,0
108,Havre-Saint-Pierre,CA,2019-11-13,67,50.23,-63.6,-6.0,3.6,90
109,Miandrivazo,MG,2019-11-13,36,-19.53,45.46,32.1,6.79,99
110,Marrakesh,MA,2019-11-13,38,31.63,-7.99,23.0,2.6,92
111,Tupik,RU,2019-11-13,92,54.43,119.94,-32.12,1.02,45
112,Atuona,PF,2019-11-13,76,-9.8,-139.03,26.61,7.53,25
113,Murray Bridge,AU,2019-11-13,87,-35.12,139.28,15.0,3.09,25
114,Geilo,NO,2019-11-13,99,60.53,8.21,-1.67,1.41,100
115,Narsaq,GL,2019-11-13,54,60.91,-46.05,-2.0,2.1,75
116,Saint George,GR,2019-11-13,77,39.45,22.34,18.0,7.2,40
117,Talnakh,RU,2019-11-13,75,69.49,88.39,-26.0,2.0,20
118,La Ronge,CA,2019-11-13,91,55.1,-105.3,-16.0,1.5,20
119,Clyde River,CA,2019-11-13,85,70.47,-68.59,-8.0,10.8,90
120,Tautira,PF,2019-11-13,78,-17.73,-149.15,24.0,1.5,38
121,Ayan,IR,2019-11-13,38,38.23,44.7,1.99,0.21,100
122,Dingle,PH,2019-11-13,89,11.0,122.67,22.67,2.59,100
123,Husavik,CA,2019-11-13,84,50.56,-96.99,-7.22,3.13,36
124,Rincon,PA,2019-11-13,88,8.46,-82.28,26.0,1.0,40
125,Mount Gambier,AU,2019-11-13,93,-37.83,140.78,11.0,4.1,75
126,Yima,CN,2019-11-13,28,34.75,111.87,9.36,2.13,0
127,Praya,ID,2019-11-13,88,-8.71,116.27,27.0,2.6,20
128,Hamilton,CA,2019-11-13,92,43.26,-79.87,-4.44,1.23,75
129,Namatanai,PG,2019-11-13,71,-3.66,152.44,27.89,2.11,100
130,Vilyuysk,RU,2019-11-13,97,63.75,121.63,-26.2,2.73,100
131,Neiafu,TO,2019-11-13,100,-18.65,-173.98,22.0,3.05,75
132,Port Alfred,ZA,2019-11-13,83,-33.59,26.89,21.11,3.58,0
133,Bara,NG,2019-11-13,24,10.41,10.6,35.42,2.81,4
134,Cayenne,GF,2019-11-13,66,4.94,-52.33,31.0,4.1,75
135,Placido de Castro,BR,2019-11-13,45,-10.34,-67.19,33.64,2.01,83
136,Jiwani,PK,2019-11-13,45,25.05,61.74,25.72,6.1,0
137,Arlit,NE,2019-11-13,9,18.74,7.39,29.89,2.95,63
138,Codrington,AU,2019-11-13,56,-28.95,153.24,21.0,2.6,90
139,Williams Lake,CA,2019-11-13,100,52.13,-122.14,-1.0,3.6,90
140,Sao Benedito do Rio Preto,BR,2019-11-13,29,-3.33,-43.53,37.6,2.13,98
141,Khatanga,RU,2019-11-13,84,71.98,102.47,-33.51,1.41,81
142,Tigil,RU,2019-11-13,66,57.8,158.67,-4.09,4.01,100
143,Nelson,CA,2019-11-13,96,49.49,-117.29,-2.24,0.56,78
144,Vardo,US,2019-11-13,58,39.62,-77.74,-1.11,2.6,1
145,Sonoita,US,2019-11-13,74,31.68,-110.66,12.78,1.97,1
146,Vila Franca do Campo,PT,2019-11-13,70,37.72,-25.43,18.85,6.16,39
147,Kruisfontein,ZA,2019-11-13,81,-34.0,24.73,16.61,9.71,82
148,Mogadishu,SO,2019-11-13,81,2.04,45.34,27.65,8.33,100
149,Saint-Philippe,CA,2019-11-13,56,45.36,-73.48,-8.89,3.6,11
150,Margate,AU,2019-11-13,61,-43.03,147.26,10.56,5.86,31
151,Richards Bay,ZA,2019-11-13,87,-28.77,32.06,23.54,13.6,2
152,Great Bend,US,2019-11-13,63,38.36,-98.78,-2.0,4.1,1
153,Zelenoborskiy,RU,2019-11-13,86,66.84,32.36,-3.33,6.04,100
154,Delta,US,2019-11-13,57,38.74,-108.07,0.56,0.44,1
155,Alta Floresta,BR,2019-11-13,54,-9.87,-56.08,30.62,2.91,100
156,Gat,SN,2019-11-13,13,14.69,-16.54,35.0,4.1,67
157,Broome,GB,2019-11-13,75,52.47,1.45,9.44,3.1,40
158,Meulaboh,ID,2019-11-13,71,4.14,96.13,27.99,1.39,100
159,Gibsons,CA,2019-11-13,100,49.4,-123.51,9.44,3.1,90
160,Nemuro,JP,2019-11-13,73,43.32,145.57,10.88,9.24,100
161,Omsukchan,RU,2019-11-13,99,62.53,155.8,-19.69,2.06,99
162,Lasa,CY,2019-11-13,28,34.92,32.53,27.0,3.1,20
163,Tobol,SE,2019-11-13,93,59.83,12.54,3.0,1.5,94
164,Broken Hill,AU,2019-11-13,41,-31.97,141.45,15.0,2.1,0
165,Qaqortoq,GL,2019-11-13,54,60.72,-46.03,-2.0,2.1,75
166,Puerto Ayora,EC,2019-11-13,64,-0.74,-90.35,24.0,4.6,75
167,Kenai,US,2019-11-13,64,60.55,-151.26,2.78,7.2,1
168,Kurchum,KZ,2019-11-13,47,48.57,83.65,-0.98,3.05,80
169,Umm Kaddadah,SD,2019-11-13,11,13.6,26.69,32.85,2.71,79
170,Trelew,AR,2019-11-13,21,-43.25,-65.31,25.16,9.64,33
171,Awjilah,LY,2019-11-13,21,29.14,21.3,22.64,6.04,0
172,Alekseyevsk,RU,2019-11-13,97,57.84,108.35,-22.98,1.67,54
173,Biskamzha,RU,2019-11-13,96,53.45,89.53,-7.74,2.47,100
174,Mount Isa,AU,2019-11-13,11,-20.73,139.49,28.0,8.2,0
175,Georgetown,GY,2019-11-13,70,6.8,-58.16,31.0,3.1,75
176,Kavaratti,IN,2019-11-13,74,10.57,72.64,28.4,2.66,7
177,Breytovo,RU,2019-11-13,79,58.3,37.86,3.18,8.68,100
178,Apodi,BR,2019-11-13,24,-5.66,-37.8,36.02,4.53,6
179,Gerash,IR,2019-11-13,13,27.67,54.14,21.0,0.88,0
180,Grindavik,IS,2019-11-13,55,63.84,-22.43,2.22,2.1,20
181,Norman,US,2019-11-13,46,35.22,-97.44,1.11,9.3,27
182,Vestmannaeyjar,IS,2019-11-13,59,63.44,-20.27,2.27,3.91,27
183,Riverton,US,2019-11-13,59,43.02,-108.38,1.0,4.6,1
184,Sistranda,NO,2019-11-13,74,63.73,8.83,3.89,1.0,75
185,Sinnamary,GF,2019-11-13,76,5.38,-52.96,28.27,4.35,94
186,Bredasdorp,ZA,2019-11-13,59,-34.53,20.04,21.67,6.2,31
187,Swan Hill,AU,2019-11-13,87,-35.34,143.56,10.41,3.58,0
188,Manono,CD,2019-11-13,69,-7.3,27.4,27.37,1.41,90
189,Ahipara,NZ,2019-11-13,100,-35.17,173.16,15.56,10.57,33
190,Xining,CN,2019-11-13,18,36.62,101.77,-1.0,2.48,0
191,Dakoro,NE,2019-11-13,10,14.51,6.76,34.08,3.32,75
192,Kharod,IN,2019-11-13,78,21.55,73.0,28.0,3.14,40
193,Cordele,US,2019-11-13,55,31.96,-83.78,3.89,5.7,0
194,Namanyere,TZ,2019-11-13,49,-7.51,31.05,24.41,3.05,100
195,Yulara,AU,2019-11-13,16,-25.24,130.99,24.0,4.1,0
196,Pangai,TO,2019-11-13,83,-19.8,-174.35,23.61,7.96,99
197,Labuhan,ID,2019-11-13,94,-2.54,115.51,23.78,0.63,68
198,Souillac,FR,2019-11-13,71,45.6,-0.6,10.0,5.1,75
199,Muros,ES,2019-11-13,76,42.77,-9.06,15.0,2.6,40
200,Urengoy,RU,2019-11-13,90,65.96,78.37,-20.04,6.67,28
201,Longyearbyen,NO,2019-11-13,63,78.22,15.63,-2.0,3.6,75
202,Huarmey,PE,2019-11-13,65,-10.07,-78.15,21.87,2.42,71
203,Tocopilla,CL,2019-11-13,21,-22.09,-70.2,24.84,2.54,0
204,Birjand,IR,2019-11-13,3,32.86,59.22,10.0,2.1,0
205,Tazovskiy,RU,2019-11-13,94,67.47,78.7,-16.08,7.4,100
206,Ponnampet,IN,2019-11-13,94,12.15,75.93,27.0,1.0,18
207,Agadez,NE,2019-11-13,14,16.97,7.99,32.0,3.1,100
208,Chernyshevskiy,RU,2019-11-13,95,63.01,112.47,-30.91,1.14,76
209,Jishu,CN,2019-11-13,78,44.29,126.79,-10.02,5.86,93
210,Klaksvik,FO,2019-11-13,74,62.23,-6.59,2.0,2.6,85
211,Kahului,US,2019-11-13,77,20.89,-156.47,22.22,2.1,1
212,Port Lincoln,AU,2019-11-13,66,-34.72,135.86,13.7,3.63,85
213,Airai,TL,2019-11-13,60,-8.93,125.41,20.18,1.29,0
214,Baherden,TM,2019-11-13,15,38.44,57.43,8.81,2.08,0
215,Tuatapere,NZ,2019-11-13,95,-46.13,167.69,6.67,0.89,1
216,Cabedelo,BR,2019-11-13,45,-6.97,-34.84,31.0,6.7,75
217,Eirunepe,BR,2019-11-13,49,-6.66,-69.87,32.6,1.71,82
218,Lewisporte,CA,2019-11-13,100,49.25,-55.06,14.44,8.2,90
219,Yinchuan,CN,2019-11-13,23,38.48,106.21,3.89,0.89,0
220,Castro,CL,2019-11-13,82,-42.48,-73.76,14.0,4.6,75
221,Irupi,BR,2019-11-13,81,-20.35,-41.64,23.93,1.5,91
222,Wanning,AT,2019-11-13,93,48.64,13.53,3.0,3.1,75
223,Petropavlovsk-Kamchatskiy,RU,2019-11-13,74,53.05,158.65,0.0,3.0,75
224,West Plains,US,2019-11-13,78,36.73,-91.85,-4.44,7.2,1
225,Beyneu,KZ,2019-11-13,82,45.32,55.19,9.02,2.81,94
226,Kumba,CM,2019-11-13,84,4.64,9.44,27.47,1.89,76
227,Salinas,US,2019-11-13,93,36.67,-121.66,11.11,2.06,40
228,Diego de Almagro,CL,2019-11-13,19,-26.39,-70.05,25.67,4.16,0
229,Khandyga,RU,2019-11-13,97,62.65,135.58,-28.26,1.11,100
230,Kologriv,RU,2019-11-13,94,58.83,44.31,-0.66,1.15,87
231,Srandakan,ID,2019-11-13,85,-7.94,110.25,25.44,2.92,100
232,Berlevag,NO,2019-11-13,86,70.86,29.09,-3.0,11.3,75
233,Nuuk,GL,2019-11-13,55,64.17,-51.74,1.0,5.1,75
234,Zaraza,VE,2019-11-13,79,9.35,-65.33,27.47,2.15,100
235,Arona,IT,2019-11-13,21,45.76,8.56,15.0,2.1,0
236,Keetmanshoop,NA,2019-11-13,9,-26.57,18.15,33.0,5.1,32
237,Bandarbeyla,SO,2019-11-13,79,9.49,50.81,26.85,7.79,24
238,Karratha,AU,2019-11-13,60,-20.74,116.85,26.87,8.72,0
239,Mandalgovi,MN,2019-11-13,36,45.76,106.27,-7.57,7.91,100
240,Smidovich,RU,2019-11-13,67,48.6,133.81,-8.71,7.04,100
241,Klyuchi,RU,2019-11-13,72,52.25,79.17,-2.18,2.65,95
242,Coihaique,CL,2019-11-13,44,-45.58,-72.07,15.0,3.6,40
243,Caravelas,BR,2019-11-13,56,-17.73,-39.27,30.06,4.05,10
244,Eureka,US,2019-11-13,93,40.8,-124.16,8.0,3.1,1
245,Juegang,CN,2019-11-13,42,32.31,121.18,14.44,1.34,2
246,Polur,IN,2019-11-13,90,12.51,79.13,21.12,2.12,100
247,Sambava,MG,2019-11-13,85,-14.27,50.17,24.7,0.89,89
248,San Francisco,CO,2019-11-13,88,1.17,-76.88,18.0,0.58,75
249,Hovd,NO,2019-11-13,60,63.83,10.7,5.0,7.7,41
250,Kaka,TM,2019-11-13,54,37.35,59.62,3.36,0.99,0
251,Svetlaya,RU,2019-11-13,92,46.54,138.33,7.82,12.99,100
252,Nikolskoye,RU,2019-11-13,81,59.7,30.79,6.11,5.0,90
253,Sabang,PH,2019-11-13,91,13.8,121.11,23.89,1.11,100
254,Tessalit,ML,2019-11-13,14,20.2,1.01,27.27,7.73,0
255,General Roca,AR,2019-11-13,43,-39.03,-67.58,22.0,2.6,0
256,Nouadhibou,MR,2019-11-13,36,20.93,-17.03,27.0,4.6,61
257,Upernavik,GL,2019-11-13,60,72.79,-56.15,-4.97,3.94,77
258,Esperance,AU,2019-11-13,59,-33.86,121.89,16.0,3.6,0
259,Belmont,CA,2019-11-13,78,42.88,-81.08,-5.0,3.6,90
260,Chiredzi,ZW,2019-11-13,37,-21.05,31.67,32.4,2.98,100
261,Fort Frances,CA,2019-11-13,72,48.61,-93.4,-8.0,2.6,90
262,Kailua,US,2019-11-13,88,21.39,-157.74,23.0,3.29,20
263,Werda,BW,2019-11-13,17,-25.27,23.28,33.72,5.56,100
264,San Pedro de Ycuamandiyu,PY,2019-11-13,37,-24.09,-57.08,35.93,3.31,96
265,Carnarvon,ZA,2019-11-13,17,-30.97,22.13,24.79,7.52,0
266,Egvekinot,RU,2019-11-13,92,66.32,-179.17,-9.7,6.17,100
267,Thinadhoo,MV,2019-11-13,77,0.53,72.93,28.23,6.26,97
268,Pajapan,MX,2019-11-13,82,18.26,-94.69,20.0,2.6,75
269,Ossora,RU,2019-11-13,70,59.24,163.07,-2.46,2.52,0
270,Borovskoy,KZ,2019-11-13,97,53.8,64.15,-1.36,3.54,97
271,Mount Darwin,ZW,2019-11-13,37,-16.77,31.58,29.87,3.13,99
272,La Asuncion,AR,2019-11-13,78,-26.05,-65.39,20.25,2.86,24
273,Beira,ES,2019-11-13,76,43.2,-8.36,15.0,3.6,40
274,Tucuman,PE,2019-11-13,33,-17.17,-70.89,21.27,5.04,0
275,Bulaevo,KZ,2019-11-13,84,54.91,70.44,-6.24,5.85,100
276,Abja-Paluoja,EE,2019-11-13,100,58.13,25.36,9.44,3.1,90
277,Itaqui,BR,2019-11-13,95,-29.13,-56.55,22.35,4.08,100
278,Asyut,EG,2019-11-13,28,27.18,31.19,26.91,2.01,0
279,Yerbogachen,RU,2019-11-13,97,61.28,108.01,-29.46,1.39,52
280,Sao Jose da Coroa Grande,BR,2019-11-13,69,-8.9,-35.15,26.34,5.44,70
281,Almeirim,BR,2019-11-13,42,-1.53,-52.58,34.54,2.25,88
282,Avarua,CK,2019-11-13,83,-21.21,-159.78,24.0,8.2,100
283,Luena,AO,2019-11-13,74,-11.78,19.91,22.14,2.52,87
284,Kawalu,ID,2019-11-13,94,-7.38,108.21,21.81,0.66,100
285,The Valley,AI,2019-11-13,62,18.22,-63.06,30.0,3.1,20
286,Bilma,NE,2019-11-13,11,18.69,12.92,29.84,4.08,100
287,Zhezkazgan,KZ,2019-11-13,30,47.8,67.71,1.41,3.68,86
288,Marawi,PH,2019-11-13,93,8.0,124.29,24.44,0.89,59
289,Ardmore,US,2019-11-13,79,34.99,-86.85,-1.67,2.6,1
290,Karnobat,BG,2019-11-13,88,42.65,26.98,20.0,4.1,40
291,Arraial do Cabo,BR,2019-11-13,69,-22.97,-42.02,26.0,9.3,75
292,Vila Velha,BR,2019-11-13,52,-3.71,-38.6,31.0,10.3,40
293,Ilulissat,GL,2019-11-13,55,69.22,-51.1,1.0,1.5,75
294,Taksimo,RU,2019-11-13,92,56.36,114.84,-29.87,0.31,97
295,Ciudad Bolivar,VE,2019-11-13,58,8.12,-63.55,30.85,2.99,60
296,Gizo,IL,2019-11-13,35,31.8,34.94,30.0,3.1,20
297,San Patricio,PY,2019-11-13,92,-26.98,-56.83,24.56,2.37,100
298,Agboville,CI,2019-11-13,46,5.93,-4.21,33.49,1.7,34
299,Sao Filipe,CV,2019-11-13,79,14.9,-24.5,23.14,7.49,2
300,Kaitangata,NZ,2019-11-13,98,-46.28,169.85,7.78,1.79,100
301,Safidon,IN,2019-11-13,29,29.4,76.66,22.9,1.95,94
302,Mandeville,US,2019-11-13,68,30.36,-90.07,2.78,2.1,1
303,Ghanzi,BW,2019-11-13,26,-21.7,21.65,31.99,0.67,97
304,Pangnirtung,CA,2019-11-13,85,66.15,-65.72,-5.0,1.0,90
305,Opuwo,NA,2019-11-13,13,-18.06,13.84,32.88,3.6,100
306,Merauke,ID,2019-11-13,82,-8.49,140.4,24.17,2.77,97
307,Slavutych,UA,2019-11-13,74,51.52,30.76,9.84,6.66,78
308,Salina Cruz,MX,2019-11-13,68,16.18,-95.2,25.31,18.39,0
309,Ketchikan,US,2019-11-13,93,55.34,-131.65,10.0,4.6,90
310,Shuangcheng,CN,2019-11-13,85,45.37,126.3,-11.0,3.0,100
311,Carbondale,US,2019-11-13,58,38.82,-95.69,-1.11,8.2,1
312,Okha,RU,2019-11-13,93,53.59,142.95,-7.91,4.27,100
313,Atherton,AU,2019-11-13,83,-17.27,145.48,22.0,0.5,40
314,Qandala,SO,2019-11-13,76,11.47,49.87,25.62,4.32,16
315,Honningsvag,NO,2019-11-13,68,70.98,25.97,-1.0,8.7,75
316,Provideniya,RU,2019-11-13,84,64.42,-173.23,-4.18,8.41,100
317,Lavrentiya,RU,2019-11-13,73,65.58,-170.99,-3.36,13.32,100
318,Kupang,ID,2019-11-13,83,-10.16,123.6,26.0,2.1,20
319,Cabo San Lucas,MX,2019-11-13,77,22.89,-109.91,23.33,2.1,5
320,Porbandar,IN,2019-11-13,61,21.64,69.61,27.0,5.1,40
321,Ancud,CL,2019-11-13,82,-41.87,-73.83,14.0,4.6,75
322,Kavieng,PG,2019-11-13,74,-2.57,150.8,28.33,3.46,100
323,Katsuura,JP,2019-11-13,82,33.93,134.5,16.67,2.6,75
324,Stromness,CA,2019-11-13,63,42.87,-79.55,-2.78,3.6,90
325,Illapel,CL,2019-11-13,21,-31.63,-71.17,24.97,3.1,0
326,Berezovka,RU,2019-11-13,91,55.71,42.61,0.76,1.5,69
327,Kualakapuas,ID,2019-11-13,92,-3.01,114.39,25.37,1.75,100
328,Namibe,AO,2019-11-13,81,-15.19,12.15,23.36,5.21,100
329,Aklavik,CA,2019-11-13,77,68.22,-135.01,-18.0,5.7,40
330,Dosso,NE,2019-11-13,12,13.05,3.19,34.91,3.21,67
331,Jiayuguan,CN,2019-11-13,16,39.77,98.29,2.87,4.93,4
332,Sawtell,AU,2019-11-13,77,-30.38,153.1,16.0,3.1,0
333,Caledon,CA,2019-11-13,66,43.88,-79.86,-3.89,3.6,75
334,College,US,2019-11-13,60,64.86,-147.8,-11.0,2.6,1
335,Mitsamiouli,KM,2019-11-13,70,-11.38,43.28,30.0,3.1,75
336,Sangar,RU,2019-11-13,97,63.92,127.47,-28.83,1.37,100
337,Ola,RU,2019-11-13,67,59.58,151.3,-6.35,5.51,100
338,Bria,CF,2019-11-13,47,6.54,21.99,30.41,1.61,59
339,Hunterville,NZ,2019-11-13,68,-39.94,175.57,15.0,1.79,100
340,Cache Creek,CA,2019-11-13,93,50.81,-121.33,4.0,1.0,90
341,Zhigalovo,RU,2019-11-13,94,54.81,105.15,-14.67,0.94,100
342,Paramonga,PE,2019-11-13,90,-10.68,-77.82,17.92,3.22,84
343,Taquarituba,BR,2019-11-13,51,-23.53,-49.25,28.69,4.14,43
344,Rio Gallegos,AR,2019-11-13,76,-51.62,-69.22,12.0,3.1,90
345,Horsham,AU,2019-11-13,95,-36.71,142.2,8.67,3.29,20
346,Waingapu,ID,2019-11-13,75,-9.65,120.26,28.6,4.87,63
347,Moose Factory,CA,2019-11-13,84,51.26,-80.61,-18.0,5.1,1
348,San Juan,AR,2019-11-13,35,-31.54,-68.53,28.76,5.68,0
349,Buraydah,SA,2019-11-13,77,26.33,43.97,21.0,3.6,75
350,Winnemucca,US,2019-11-13,73,40.97,-117.74,-0.57,0.42,1
351,Qujing,CN,2019-11-13,95,25.49,103.8,6.51,0.92,86
352,Sao Gabriel da Cachoeira,BR,2019-11-13,83,-0.13,-67.09,28.0,1.5,75
353,Adrar,DZ,2019-11-13,26,27.87,-0.29,26.0,2.6,0
354,Bukama,CD,2019-11-13,73,-9.2,25.85,26.26,1.69,98
355,Kerman,IR,2019-11-13,4,30.29,57.06,10.0,3.1,0
356,Hambantota,LK,2019-11-13,94,6.12,81.12,26.0,2.1,20
357,Waipawa,NZ,2019-11-13,68,-39.94,176.59,13.89,1.79,100
358,Cherskiy,RU,2019-11-13,94,68.75,161.3,-11.01,0.83,100
359,Crossville,US,2019-11-13,73,35.95,-85.03,-2.0,1.5,1
360,Tripoli,GR,2019-11-13,82,37.51,22.37,18.0,0.39,75
361,Floriano,BR,2019-11-13,24,-6.77,-43.02,37.65,3.67,43
362,Fukue,JP,2019-11-13,77,35.03,136.69,17.0,2.1,75
363,Belton,US,2019-11-13,74,31.06,-97.46,2.22,2.6,1
364,Nanortalik,GL,2019-11-13,69,60.14,-45.24,0.15,2.19,100
365,Norman Wells,CA,2019-11-13,70,65.28,-126.83,-20.0,5.1,75
366,Wynyard,AU,2019-11-13,92,-40.99,145.73,11.11,4.02,100
367,Tarauaca,BR,2019-11-13,51,-8.16,-70.77,31.59,1.85,99
368,Evensk,RU,2019-11-13,81,61.92,159.24,-2.68,5.61,56
369,Dongning,CN,2019-11-13,57,44.06,131.12,-7.6,9.18,0
370,Santa Rosa,AR,2019-11-13,29,-36.62,-64.29,30.83,4.01,67
371,Manaure,CO,2019-11-13,70,11.78,-72.45,30.0,2.1,40
372,Butembo,CD,2019-11-13,95,0.12,29.29,20.43,0.71,100
373,Luanda,AO,2019-11-13,74,-8.83,13.24,29.0,2.6,75
374,Bhawanipatna,IN,2019-11-13,69,19.91,83.17,19.43,1.1,0
375,Ailigandi,PA,2019-11-13,68,9.23,-78.02,28.59,1.25,66
376,Young,UY,2019-11-13,53,-32.7,-57.63,31.11,1.79,100
377,Taoudenni,ML,2019-11-13,14,22.68,-3.98,29.79,3.37,0
378,Castanheira de Pera,PT,2019-11-13,82,40.0,-8.21,20.0,6.7,40
379,Port Macquarie,AU,2019-11-13,87,-31.43,152.91,13.0,4.04,90
380,Maltahohe,NA,2019-11-13,4,-24.83,16.98,30.93,2.28,52
381,Zhigansk,RU,2019-11-13,95,66.77,123.37,-30.33,3.97,100
382,Salalah,OM,2019-11-13,69,17.01,54.1,27.0,3.6,40
383,Kamaishi,JP,2019-11-13,92,39.28,141.86,12.83,5.64,100
384,Ishigaki,JP,2019-11-13,73,24.34,124.16,23.52,11.68,100
385,Dourados,BR,2019-11-13,65,-22.22,-54.81,26.78,3.99,100
386,Poninka,UA,2019-11-13,56,50.19,27.56,14.1,8.49,6
387,Viljoenskroon,ZA,2019-11-13,9,-27.21,26.95,30.56,0.45,43
388,Srivardhan,IN,2019-11-13,72,18.03,73.02,26.65,1.86,24
389,Saint-Francois,FR,2019-11-13,66,46.42,3.91,9.0,2.6,90
390,Necochea,AR,2019-11-13,89,-38.55,-58.74,17.78,4.02,100
391,Poum,MK,2019-11-13,67,41.28,20.71,14.0,5.1,75
392,Bafia,CM,2019-11-13,56,4.74,11.22,29.49,1.41,60
393,Kloulklubed,PW,2019-11-13,94,7.04,134.26,26.0,2.76,75
394,Novopskov,UA,2019-11-13,68,49.54,39.1,7.22,3.84,58
395,Kyren,RU,2019-11-13,72,51.68,102.13,-16.89,2.78,73
396,Praia da Vitoria,PT,2019-11-13,72,38.73,-27.07,19.0,8.94,75
397,Madera,US,2019-11-13,61,36.96,-120.06,13.89,1.5,1
398,Khani,GE,2019-11-13,24,41.96,42.96,19.0,7.2,0
399,Astana,KZ,2019-11-13,85,51.13,71.43,-4.0,3.0,47
400,Dunedin,NZ,2019-11-13,96,-45.87,170.5,8.33,0.89,100
401,Deputatskiy,RU,2019-11-13,96,69.3,139.9,-20.06,1.18,100
402,Sunrise Manor,US,2019-11-13,33,36.21,-115.07,11.0,3.6,1
403,Madang,CN,2019-11-13,16,35.32,102.79,0.72,3.67,0
404,Port Moresby,PG,2019-11-13,84,-9.47,147.16,25.56,2.17,100
405,Djenne,ML,2019-11-13,10,13.91,-4.55,35.56,3.68,41
406,Sioux Lookout,CA,2019-11-13,78,50.1,-91.92,-10.0,3.6,90
407,Crotone,IT,2019-11-13,67,39.09,17.12,17.0,7.7,20
408,Northam,AU,2019-11-13,44,-31.65,116.67,24.0,3.1,0
409,Geraldton,CA,2019-11-13,84,49.72,-86.95,-13.0,3.1,75
410,Saint-Augustin,CA,2019-11-13,66,45.63,-73.98,-8.89,4.1,20
411,Nurota,UZ,2019-11-13,48,40.56,65.69,6.0,3.1,0
412,Mahanoro,MG,2019-11-13,81,-19.9,48.8,26.67,3.06,96
413,Tecoanapa,MX,2019-11-13,78,16.99,-99.26,24.0,4.1,75
414,Milotice,CZ,2019-11-13,87,48.95,17.14,6.11,2.6,90
415,Zavodskoy,RU,2019-11-13,100,43.1,44.65,5.0,4.0,75
416,Vegreville,CA,2019-11-13,95,53.5,-112.05,0.0,0.89,98
417,Port-Gentil,GA,2019-11-13,83,-0.72,8.78,28.0,4.1,75
418,Aki,JP,2019-11-13,91,33.51,133.91,15.86,3.36,100
419,Olhao,PT,2019-11-13,60,37.03,-7.84,21.67,5.7,20
420,Marapanim,BR,2019-11-13,80,-0.71,-47.7,27.49,7.13,100
421,Bitung,ID,2019-11-13,94,1.44,125.19,25.0,1.0,20
422,Camacha,PT,2019-11-13,77,33.08,-16.33,21.0,7.7,75
423,Mokhsogollokh,RU,2019-11-13,96,61.4,128.95,-26.01,1.18,100
424,Beloha,MG,2019-11-13,82,-25.17,45.06,22.24,8.48,52
425,Baoqing,CN,2019-11-13,73,46.32,132.2,-12.94,7.72,46
426,Tibati,CM,2019-11-13,34,6.47,12.63,31.56,2.22,100
427,Byron Bay,AU,2019-11-13,56,-28.65,153.62,21.11,2.6,90
428,Faya,SA,2019-11-13,59,18.39,42.45,20.0,6.2,40
429,Cockburn Town,TC,2019-11-13,73,21.46,-71.14,27.76,3.95,0
430,Saldanha,PT,2019-11-13,62,41.42,-6.55,13.29,6.26,0
431,Pemba,MZ,2019-11-13,79,-12.97,40.52,29.0,5.7,40
432,Bathsheba,BB,2019-11-13,70,13.22,-59.52,30.0,6.2,75
433,Tacna,PE,2019-11-13,68,-18.01,-70.25,21.0,2.6,20
434,Isangel,VU,2019-11-13,78,-19.55,169.27,21.99,4.9,87
435,Friesach,AT,2019-11-13,86,46.95,14.41,4.0,3.1,75
436,Rocha,UY,2019-11-13,64,-34.48,-54.34,26.61,2.7,53
437,Bilibino,RU,2019-11-13,89,68.06,166.44,-9.82,1.87,63
438,Cuamba,MZ,2019-11-13,26,-14.8,36.54,34.38,2.95,100
439,Jizan,SA,2019-11-13,66,16.89,42.56,31.0,4.6,20
440,Jackson,US,2019-11-13,79,43.48,-110.76,1.0,0.25,1
441,Lazaro Cardenas,MX,2019-11-13,100,28.39,-105.62,3.89,3.1,90
442,Lethem,GY,2019-11-13,48,3.38,-59.8,32.93,3.75,100
443,Kpalime,TG,2019-11-13,63,6.9,0.63,30.17,0.31,7
444,Chapais,CA,2019-11-13,78,49.78,-74.86,-13.0,3.6,1
445,Samarai,PG,2019-11-13,95,-10.62,150.67,23.47,1.81,100
446,Makakilo City,US,2019-11-13,100,21.35,-158.09,23.0,1.23,1
447,Eyl,SO,2019-11-13,77,7.98,49.82,26.77,10.11,100
448,Paidha,UG,2019-11-13,84,2.42,30.99,22.56,1.17,77
449,Mashhad,IR,2019-11-13,16,36.3,59.61,9.0,3.1,0
450,Puerto Baquerizo Moreno,EC,2019-11-13,73,-0.9,-89.6,24.0,5.7,40
451,Westport,US,2019-11-13,45,41.14,-73.36,-1.11,8.7,1
452,Buala,SB,2019-11-13,82,-8.15,159.59,26.05,1.43,99
453,Lata,IN,2019-11-13,33,30.78,78.62,-2.47,2.38,100
454,Russell,US,2019-11-13,49,38.9,-98.86,-3.0,7.2,1
455,Port Blair,IN,2019-11-13,69,11.67,92.75,28.29,3.7,0
456,Leua,AO,2019-11-13,75,-11.65,20.45,22.14,3.43,36
457,Eldorado,BR,2019-11-13,71,-24.52,-48.11,26.44,2.13,96
458,Coos Bay,US,2019-11-13,100,43.37,-124.22,12.78,2.67,1
459,Lorengau,PG,2019-11-13,71,-2.02,147.27,28.32,1.64,100
460,Guiyang,CN,2019-11-13,93,26.58,106.71,9.0,3.0,90
461,Tapiramuta,BR,2019-11-13,35,-11.85,-40.79,30.4,3.91,74
462,Muli,CN,2019-11-13,74,28.08,109.56,9.92,1.55,38
463,Puerto Montt,CL,2019-11-13,77,-41.47,-72.94,16.0,2.1,75
464,Tuzha,CN,2019-11-13,88,28.58,109.69,9.35,0.67,3
465,Todos Santos,MX,2019-11-13,77,23.45,-110.23,23.33,2.1,5
466,Gobabis,NA,2019-11-13,10,-22.45,18.97,32.56,4.18,99
467,Cartagena,ES,2019-11-13,33,37.63,-1.0,24.0,10.3,4
468,Tomatlan,MX,2019-11-13,91,19.93,-105.25,20.7,0.85,100
469,Kendrapara,IN,2019-11-13,69,20.5,86.42,24.0,2.45,0
470,Port-Cartier,CA,2019-11-13,57,50.03,-66.88,-6.67,10.3,75
471,Talcahuano,CL,2019-11-13,72,-36.72,-73.12,17.0,4.6,30
472,Wuhu,CN,2019-11-13,22,31.35,118.43,14.0,2.0,47
473,Shenzhen,CN,2019-11-13,73,22.54,114.05,26.0,2.6,20
474,Orange Cove,US,2019-11-13,81,36.62,-119.31,13.89,0.91,20
475,Avera,US,2019-11-13,50,33.19,-82.53,2.22,5.7,1
476,Pacific Grove,US,2019-11-13,87,36.62,-121.92,11.11,0.48,90
477,Son La,VN,2019-11-13,95,21.32,103.9,19.55,0.55,58
478,Hofn,IS,2019-11-13,55,64.25,-15.21,3.0,1.5,18
479,Chincha Alta,PE,2019-11-13,30,-13.42,-76.13,22.0,3.1,90
480,Srednekolymsk,RU,2019-11-13,93,67.46,153.71,-18.76,1.61,71
481,Baiyin,CN,2019-11-13,37,36.55,104.13,2.0,5.0,0
482,Kaduqli,SD,2019-11-13,22,11.01,29.72,33.84,0.85,100
483,El Tocuyo,VE,2019-11-13,58,9.79,-69.8,26.73,1.48,69
484,Vostok,RU,2019-11-13,95,46.45,135.83,-9.4,3.57,100
485,Durgapur,IN,2019-11-13,83,23.54,87.34,24.0,2.1,0
486,Sao Felix do Xingu,BR,2019-11-13,58,-6.64,-51.99,30.61,1.98,100
487,Marietta,US,2019-11-13,68,33.95,-84.55,0.56,4.6,1
488,Sept-Iles,CA,2019-11-13,57,50.2,-66.38,-6.67,10.3,75
489,Yakeshi,CN,2019-11-13,81,49.28,120.73,-20.54,3.01,99
490,Mae Hong Son,MM,2019-11-13,81,19.3,97.96,20.62,1.66,0
491,Hasaki,JP,2019-11-13,87,35.73,140.83,16.0,2.6,75
492,Sayyan,YE,2019-11-13,35,15.17,44.32,16.13,6.05,3
493,Collie,AU,2019-11-13,34,-33.36,116.15,19.44,2.09,1
494,Bireun,ID,2019-11-13,97,5.2,96.7,20.85,0.3,100
495,Pleasanton,US,2019-11-13,87,37.66,-121.87,13.33,0.22,1
496,Fare,PF,2019-11-13,77,-16.7,-151.02,26.08,8.7,4
497,Lompoc,US,2019-11-13,100,34.64,-120.46,13.33,1.58,20
498,Vanimo,PG,2019-11-13,72,-2.67,141.3,28.19,2.77,1
499,Poltavka,RU,2019-11-13,83,54.36,71.76,-5.2,5.81,100
500,Codajas,BR,2019-11-13,43,-3.84,-62.06,35.94,0.99,24
501,Kazuno,JP,2019-11-13,76,40.2,140.83,15.56,6.7,75
502,Daru,PG,2019-11-13,93,-9.07,143.21,23.0,1.41,75
503,Kutum,SD,2019-11-13,11,14.2,24.66,29.91,4.4,0
504,San Juan Nepomuceno,CO,2019-11-13,79,9.95,-75.08,27.58,3.52,99
505,Dondo,MZ,2019-11-13,58,-19.62,34.74,29.0,8.2,20
506,Itanhem,BR,2019-11-13,48,-17.17,-40.33,29.58,2.03,68
507,Chibuto,MZ,2019-11-13,46,-24.69,33.53,31.75,3.88,89
508,Uni,RU,2019-11-13,81,57.75,51.49,-1.07,4.36,100
509,Ganzhou,CN,2019-11-13,70,25.86,114.93,14.85,2.85,32
510,Timbuktu,ML,2019-11-13,10,16.77,-3.01,31.69,4.92,0
511,Jinxiang,CN,2019-11-13,19,35.07,116.31,6.89,0.86,0
512,Sobolevo,RU,2019-11-13,83,54.43,31.9,6.58,7.25,95
513,Carballo,ES,2019-11-13,76,43.21,-8.69,15.0,2.6,75
514,Bouna,CI,2019-11-13,35,9.27,-3.0,33.7,1.96,59
515,Shakawe,BW,2019-11-13,39,-18.36,21.84,30.38,1.48,100
516,Santa Rosalia,IT,2019-11-13,63,38.07,13.27,18.0,7.2,40
517,Aksu,KZ,2019-11-13,68,52.04,76.93,-1.0,2.0,90
518,Sao Joao da Barra,BR,2019-11-13,65,-21.64,-41.05,28.0,8.2,75
519,Micheweni,TZ,2019-11-13,76,-4.97,39.83,27.77,5.31,0
520,Rawson,AR,2019-11-13,57,-43.3,-65.11,16.99,4.03,20
521,Iberia,PE,2019-11-13,42,-11.41,-69.49,33.77,1.83,0
522,Constantine,DZ,2019-11-13,62,36.36,6.61,12.0,4.6,90
523,Suntar,RU,2019-11-13,94,62.16,117.65,-24.34,1.67,100
524,Oranjestad,AW,2019-11-13,70,12.52,-70.03,30.0,7.7,40
525,Hidas,HU,2019-11-13,67,46.26,18.5,17.0,7.7,75
526,Sumkino,RU,2019-11-13,84,58.11,68.32,-11.63,3.3,99
527,Bronnoysund,NO,2019-11-13,72,65.46,12.2,5.0,4.6,66
528,Naze,NG,2019-11-13,67,5.43,7.07,30.21,1.48,92
529,Natal,BR,2019-11-13,43,-5.81,-35.21,31.0,8.7,20
530,Shu,KZ,2019-11-13,55,43.6,73.76,-7.78,0.45,0
531,Lincoln,GB,2019-11-13,81,53.23,-0.54,8.89,3.6,75
532,Kiama,AU,2019-11-13,29,-34.67,150.86,17.78,6.7,0
533,Sisimiut,GL,2019-11-13,69,66.94,-53.67,-5.0,3.98,58
534,Adelaide,AU,2019-11-13,67,-34.93,138.6,15.56,6.7,75
535,Kizukuri,JP,2019-11-13,59,40.81,140.39,15.56,3.58,100
536,Santa Fe,AR,2019-11-13,60,-31.62,-60.7,27.78,2.68,100
537,Buckeye,US,2019-11-13,62,33.37,-112.58,15.0,2.1,1
538,Haines Junction,CA,2019-11-13,95,60.75,-137.51,-10.38,1.49,100
539,Goderich,CA,2019-11-13,83,43.74,-81.71,-5.0,2.68,100
540,Hami,CN,2019-11-13,51,42.84,93.51,1.14,0.18,0
541,Polovinnoye,RU,2019-11-13,87,54.79,65.99,-4.43,5.22,98
542,Ust-Tsilma,RU,2019-11-13,93,65.44,52.15,-17.81,1.71,16
543,Bassila,BJ,2019-11-13,37,9.0,1.66,33.64,1.79,5
544,Santa Isabel do Rio Negro,BR,2019-11-13,54,-0.41,-65.02,33.49,0.66,94
545,Ampanihy,MG,2019-11-13,69,-24.69,44.75,24.94,7.31,54
546,Manoel Urbano,BR,2019-11-13,39,-8.84,-69.26,34.1,1.73,31
547,Mayo,CA,2019-11-13,77,63.59,-135.9,-15.0,1.5,90
548,Alofi,NU,2019-11-13,88,-19.06,-169.92,23.0,2.6,63
549,Chipinge,ZW,2019-11-13,62,-20.19,32.62,26.06,2.44,92
550,Kwakoa,TZ,2019-11-13,47,-3.77,37.72,29.06,5.4,26
551,Maceio,BR,2019-11-13,51,-9.67,-35.74,30.0,6.7,75
552,Taltal,CL,2019-11-13,66,-25.41,-70.49,18.02,4.09,0
553,Aksarka,RU,2019-11-13,79,66.56,67.8,-23.22,2.31,0
554,Saint Anthony,US,2019-11-13,73,43.97,-111.68,-4.0,1.5,1
555,Kieta,PG,2019-11-13,78,-6.22,155.63,27.04,2.08,100
556,Rodino,RU,2019-11-13,81,52.5,80.2,-3.95,2.63,100
557,Sidi Ali,DZ,2019-11-13,71,36.1,0.42,17.32,14.18,45
558,Road Town,VG,2019-11-13,58,18.42,-64.62,30.0,3.1,40
559,Liberal,US,2019-11-13,46,37.04,-100.92,0.0,3.1,1
560,Urucara,BR,2019-11-13,80,-2.54,-57.76,29.1,1.42,69
561,Gotsu,JP,2019-11-13,63,35.01,132.22,18.89,13.13,100
562,Plouzane,FR,2019-11-13,76,48.38,-4.62,10.0,9.8,100
563,Myre,SE,2019-11-13,100,62.25,17.37,2.78,1.0,75
564,Atambua,ID,2019-11-13,74,-9.11,124.89,24.59,0.35,0
565,Engels,RU,2019-11-13,68,51.5,46.12,4.44,1.34,25
566,Itarema,BR,2019-11-13,38,-2.92,-39.92,34.8,5.79,48
567,Marsh Harbour,BS,2019-11-13,65,26.54,-77.06,25.13,1.51,100
568,Port Hardy,CA,2019-11-13,100,50.7,-127.42,8.0,2.1,90
569,Norilsk,RU,2019-11-13,75,69.35,88.2,-26.0,2.0,20
570,Seoul,KR,2019-11-13,59,37.57,126.98,7.0,3.1,1
571,Aracati,BR,2019-11-13,30,-4.56,-37.77,36.29,4.08,0
572,Palana,RU,2019-11-13,60,59.08,159.95,-7.5,2.02,100
573,Mahebourg,MU,2019-11-13,83,-20.41,57.7,25.56,3.6,75
574,Gari,RU,2019-11-13,94,59.43,62.35,-13.01,3.5,100
575,Nata,BW,2019-11-13,78,-20.21,26.19,22.49,2.65,100
576,Araouane,ML,2019-11-13,15,18.9,-3.53,29.51,5.86,0
577,Sokoni,CD,2019-11-13,63,-12.89,28.78,24.0,4.17,96
578,Matagami,NG,2019-11-13,36,9.67,8.4,25.0,6.7,40
579,Pandan,PH,2019-11-13,76,11.72,122.09,26.33,4.19,100
580,Nabire,ID,2019-11-13,98,-3.36,135.5,22.69,0.95,100
581,Homer,US,2019-11-13,93,59.64,-151.54,6.11,3.01,90
582,Anloga,GH,2019-11-13,62,5.79,0.9,32.0,4.6,20
583,Lubao,CD,2019-11-13,82,-5.39,25.75,27.03,0.64,100
584,Aykhal,RU,2019-11-13,73,65.95,111.51,-34.0,1.0,100
585,Ruidoso,US,2019-11-13,38,33.33,-105.67,7.78,3.6,1
586,Skjervoy,NO,2019-11-13,63,70.03,20.97,0.0,9.3,75
587,Kingisepp,RU,2019-11-13,86,59.38,28.61,7.43,6.18,100
588,Kuzedeyevo,RU,2019-11-13,94,53.33,87.2,-7.5,2.12,100
589,Ternate,PH,2019-11-13,69,14.29,120.72,27.22,2.3,75
590,Nuristan,UZ,2019-11-13,35,38.49,65.64,11.0,1.0,17
591,Stony Plain,CA,2019-11-13,87,53.53,-114.0,1.67,1.0,90
592,Tilichiki,RU,2019-11-13,88,60.47,166.1,-7.2,3.13,0
593,Mareeba,AU,2019-11-13,83,-16.99,145.42,22.0,0.72,75
594,Parabel,RU,2019-11-13,96,58.71,81.5,-16.32,1.88,0
595,Baragua,CU,2019-11-13,77,21.7,-78.63,26.92,4.15,33
596,Ures,MX,2019-11-13,59,30.73,-112.95,16.11,0.89,0
597,Saint-Jean-de-Maurienne,FR,2019-11-13,61,45.28,6.35,9.0,3.1,51
598,Tromso,NO,2019-11-13,82,69.65,18.96,0.0,10.3,100
599,Dauriya,RU,2019-11-13,55,49.93,116.85,-17.5,2.98,12
